step,joint0_x,joint0_y,joint0_z,joint1_x,joint1_y,joint1_z,joint2_x,joint2_y,joint2_z
0,0.0,0.0,0.0,0.0,0.0,0.0,0.0,0.0,0.0,0.06174973912916133,-0.06185599452437429,0.04858812261120098,0.04991329994497802,-0.04999918787724836,-0.049998462904130674
1,0.0,0.0,0.0,0.0,0.0,0.0,0.0,0.0,0.0,0.06153791576557353,-0.06210541962790839,0.04853866269347136,0.0495422490076212,-0.04999912859658364,-0.04999834404256169
2,0.0,0.0,0.0,0.0,0.0,0.0,0.0,0.0,0.0,0.061253927725672536,-0.062437286682133525,0.048472069998620415,0.04905142527312353,-0.04999904521488606,-0.04999817465984473
3,0.0,0.0,0.0,0.0,0.0,0.0,0.0,0.0,0.0,0.0610286490783509,-0.0626984851734755,0.04841904530887586,0.048667363273081715,-0.04999897590215368,-0.04999803185514107
4,0.0,0.0,0.0,0.0,0.0,0.0,0.0,0.0,0.0,0.06083093953457738,-0.06292621916696044,0.04837238609674171,0.048334078866221396,-0.049998912777603356,-0.049997900183981224
5,0.0,0.0,0.0,0.0,0.0,0.0,0.0,0.0,0.0,0.06063114364754766,-0.06315493510025302,0.04832513416922163,0.048000797710175194,-0.04999884682645439,-0.04999776094089155
6,0.0,0.0,0.0,0.0,0.0,0.0,0.0,0.0,0.0,0.0604292331449495,-0.06338462359231693,0.04827729563235326,0.04766751999285075,-0.049998777993405755,-0.04999761375465998
7,0.0,0.0,0.0,0.0,0.0,0.0,0.0,0.0,0.0,0.06022517958635154,-0.06361527481294003,0.04822887676761529,0.04733424590986883,-0.0499987062272205,-0.04999745823934159
8,0.0,0.0,0.0,0.0,0.0,0.0,0.0,0.0,0.0,0.06001895436921907,-0.06384687847348929,0.048179884034907035,0.04700097566465218,-0.04999863148124886,-0.049997293993845386
9,0.0,0.0,0.0,0.0,0.0,0.0,0.0,0.0,0.0,0.059810528735216195,-0.06407942381762183,0.04813032407552934,0.04666770946849608,-0.04999855371398254,-0.04999712060151689
10,0.0,0.0,0.0,0.0,0.0,0.0,0.0,0.0,0.0,0.05959987377680059,-0.06431289961195882,0.04808020371516273,0.04633444754061882,-0.049998472889641016,-0.04999693762971854
11,0.0,0.0,0.0,0.0,0.0,0.0,0.0,0.0,0.0,0.05938696044411538,-0.06454729413672833,0.048029529966841775,0.04600119010818974,-0.04999838897878975,-0.04999674462940697
12,0.0,0.0,0.0,0.0,0.0,0.0,0.0,0.0,0.0,0.05917175955218323,-0.06478259517638538,0.04797831003392245,0.045667937406332834,-0.049998301958992686,-0.04999654113470856
13,0.0,0.0,0.0,0.0,0.0,0.0,0.0,0.0,0.0,0.058954241788408246,-0.06501879001021567,0.04792655131303921,0.0453346896781033,-0.04999821181549752,-0.04999632666249341
14,0.0,0.0,0.0,0.0,0.0,0.0,0.0,0.0,0.0,0.05873437772038952,-0.06525586540293164,0.04787426139705009,0.04500144717443543,-0.04999811854195672,-0.049996100711948016
15,0.0,0.0,0.0,0.0,0.0,0.0,0.0,0.0,0.0,0.05851213780405178,-0.06549380759526872,0.04782144807796576,0.04466821015405838,-0.04999802214118294,-0.04999586276414793
16,0.0,0.0,0.0,0.0,0.0,0.0,0.0,0.0,0.0,0.05828749239209668,-0.06573260229459049,0.04776811934986,0.04433497888337802,-0.049997922625940674,-0.04999561228163002
17,0.0,0.0,0.0,0.0,0.0,0.0,0.0,0.0,0.0,0.05806041174277942,-0.06597223466551187,0.04771428341175791,0.044001753636321465,-0.04999782001977368,-0.04999534870796584
18,0.0,0.0,0.0,0.0,0.0,0.0,0.0,0.0,0.0,0.0578308660290144,-0.0662126893205493,0.04765994867049908,0.04366853469414198,-0.049997714357869,-0.04999507146733584
19,0.0,0.0,0.0,0.0,0.0,0.0,0.0,0.0,0.0,0.05759882534781338,-0.0664539503108083,0.047605123743571065,0.04333532234518104,-0.049997605687957775,-0.049994779964106215
20,0.0,0.0,0.0,0.0,0.0,0.0,0.0,0.0,0.0,0.0573642597300599,-0.06669600111671779,0.047549817461910476,0.04300211688458422,-0.04999749407125249,-0.04999447358240794
21,0.0,0.0,0.0,0.0,0.0,0.0,0.0,0.0,0.0,0.05712713915062226,-0.06693882463882214,0.04749403887266759,0.0426689186139684,-0.04999737958342157,-0.04999415168571915
22,0.0,0.0,0.0,0.0,0.0,0.0,0.0,0.0,0.0,0.05688743353880852,-0.06718240318864147,0.04743779724193,0.04233572784103616,-0.049997262315600255,-0.04999381361645184
23,0.0,0.0,0.0,0.0,0.0,0.0,0.0,0.0,0.0,0.0566451127891659,-0.06742671847961158,0.04738110205740133,0.042002544879134754,-0.04999714237543798,-0.04999345869554353
24,0.0,0.0,0.0,0.0,0.0,0.0,0.0,0.0,0.0,0.056400146772625705,-0.06767175161811524,0.04732396303103107,0.041669370046755076,-0.04999701988818181,-0.04999308622205425
25,0.0,0.0,0.0,0.0,0.0,0.0,0.0,0.0,0.0,0.05615250534799653,-0.06791748309461619,0.04726639010159064,0.04133620366696835,-0.04999689499779554,-0.049992695472770236
26,0.0,0.0,0.0,0.0,0.0,0.0,0.0,0.0,0.0,0.055902158373806465,-0.06816389277490868,0.04720839343719095,0.0410030460667955,-0.04999676786811298,-0.04999228570181487
27,0.0,0.0,0.0,0.0,0.0,0.0,0.0,0.0,0.0,0.055649075720495,-0.06841095989149508,0.04714998343773691,0.040669897576506166,-0.049996638684025714,-0.04999185614026774
28,0.0,0.0,0.0,0.0,0.0,0.0,0.0,0.0,0.0,0.05539322728295573,-0.06865866303510422,0.047091170737313635,0.04033675852884309,-0.049996507652702846,-0.049991405995793
29,0.0,0.0,0.0,0.0,0.0,0.0,0.0,0.0,0.0,0.055134582993428854,-0.06890698014636368,0.04703196620649991,0.04000362925816826,-0.04999637500484273,-0.04999093445227697
30,0.0,0.0,0.0,0.0,0.0,0.0,0.0,0.0,0.0,0.05487311283474392,-0.06915588850764084,0.04697238095460154,0.03967051009952552,-0.049996240995953886,-0.04999044066947785
31,0.0,0.0,0.0,0.0,0.0,0.0,0.0,0.0,0.0,0.054608786853911157,-0.06940536473506419,0.04691242633180266,0.03933740138761774,-0.04999610590766469,-0.04998992378268578
32,0.0,0.0,0.0,0.0,0.0,0.0,0.0,0.0,0.0,0.05434157517606039,-0.06965538477074172,0.046852113931225146,0.03900430345569153,-0.049995970049058286,-0.04998938290239693
33,0.0,0.0,0.0,0.0,0.0,0.0,0.0,0.0,0.0,0.05407144801872526,-0.06990592387518922,0.04679145559089333,0.03867121663432738,-0.0499958337580317,-0.049988817114000786
34,0.0,0.0,0.0,0.0,0.0,0.0,0.0,0.0,0.0,0.05379837570647,-0.07015695661998335,0.04673046339559746,0.038338141250130166,-0.049995697402676495,-0.04998822547748209
35,0.0,0.0,0.0,0.0,0.0,0.0,0.0,0.0,0.0,0.05352232868585666,-0.07040845688065536,0.04666914967864766,0.03800507762431497,-0.04999556138267662,-0.04998760702713925
36,0.0,0.0,0.0,0.0,0.0,0.0,0.0,0.0,0.0,0.053243277540747536,-0.07066039782983943,0.04660752702351579,0.037672026071185215,-0.049995426130723074,-0.049986960771318416
37,0.0,0.0,0.0,0.0,0.0,0.0,0.0,0.0,0.0,0.052961193007940346,-0.07091275193069192,0.04654560826535454,0.037338986896497506,-0.04999529211393905,-0.04998628569216671
38,0.0,0.0,0.0,0.0,0.0,0.0,0.0,0.0,0.0,0.052672491010137906,-0.07117904200665652,0.04646668343879912,0.03699999880524099,-0.04999999845645414,-0.050000000459768046
39,0.0,0.0,0.0,0.0,0.0,0.0,0.0,0.0,0.0,0.0523840480035135,-0.07143279282282222,0.04640331479859334,0.0366666653620835,-0.049999998284550054,-0.05000000050323166
40,0.0,0.0,0.0,0.0,0.0,0.0,0.0,0.0,0.0,0.05209247684916083,-0.07168689482316658,0.04633964788743973,0.03633333191024575,-0.049999998095059825,-0.05000000055025544
41,0.0,0.0,0.0,0.0,0.0,0.0,0.0,0.0,0.0,0.051797749031438835,-0.07194131815718081,0.04627569488493246,0.03599999844917885,-0.04999999788636472,-0.05000000060107366
42,0.0,0.0,0.0,0.0,0.0,0.0,0.0,0.0,0.0,0.0514998363005588,-0.0721960322310785,0.04621146817733368,0.03566666497831117,-0.049999997656716665,-0.05000000065593012
43,0.0,0.0,0.0,0.0,0.0,0.0,0.0,0.0,0.0,0.05119871069326393,-0.07245100570199356,0.04614698035751809,0.0353333314970487,-0.049999997404229723,-0.050000000715077444
44,0.0,0.0,0.0,0.0,0.0,0.0,0.0,0.0,0.0,0.05089434455399055,-0.0727062064725366,0.04608224422478323,0.03499999800477473,-0.0499999971268712,-0.05000000077877738
45,0.0,0.0,0.0,0.0,0.0,0.0,0.0,0.0,0.0,0.050586710556508555,-0.0729616016857273,0.04601727278452411,0.03466666450085003,-0.049999996822452694,-0.05000000084729983
46,0.0,0.0,0.0,0.0,0.0,0.0,0.0,0.0,0.0,0.05027578172603773,-0.0732171577203246,0.04595207924776554,0.03433333098461319,-0.049999996488620364,-0.05000000092092234
47,0.0,0.0,0.0,0.0,0.0,0.0,0.0,0.0,0.0,0.04996153146183528,-0.07347284018657603,0.045886677030548884,0.033999997455380605,-0.04999999612284517,-0.050000000999929184
48,0.0,0.0,0.0,0.0,0.0,0.0,0.0,0.0,0.0,0.04964393356024934,-0.07372861392240664,0.04582107975316883,0.03366666391244663,-0.0499999957224125,-0.050000001084610855
49,0.0,0.0,0.0,0.0,0.0,0.0,0.0,0.0,0.0,0.04932296223823274,-0.0739844429900689,0.04575530123925658,0.03333333035508408,-0.049999995284411666,-0.05000000117526244
50,0.0,0.0,0.0,0.0,0.0,0.0,0.0,0.0,0.0,0.04899859215730911,-0.07424029067327725,0.04568935551470374,0.032999996782544026,-0.04999999480572477,-0.050000001272182765
51,0.0,0.0,0.0,0.0,0.0,0.0,0.0,0.0,0.0,0.04867079844798419,-0.07449611947484734,0.04562325680642463,0.03266666319405604,-0.049999994283015256,-0.05000000137567281
52,0.0,0.0,0.0,0.0,0.0,0.0,0.0,0.0,0.0,0.04833955673459231,-0.07475189111486406,0.04555701954095154,0.03233332958882841,-0.04999999371271643,-0.050000001486034076
53,0.0,0.0,0.0,0.0,0.0,0.0,0.0,0.0,0.0,0.048004843160568564,-0.07500756652940051,0.04549065834285947,0.03199999596604775,-0.049999993091018914,-0.05000000160356665
54,0.0,0.0,0.0,0.0,0.0,0.0,0.0,0.0,0.0,0.04766663441413479,-0.0752631058698111,0.04542418803301639,0.03166666232487884,-0.04999999241385868,-0.05000000172856716
55,0.0,0.0,0.0,0.0,0.0,0.0,0.0,0.0,0.0,0.04732490775438784,-0.07551846850262141,0.04535762362665466,0.03133332866446434,-0.04999999167690386,-0.05000000186132632
56,0.0,0.0,0.0,0.0,0.0,0.0,0.0,0.0,0.0,0.04697964103777542,-0.07577361301003926,0.04529098033125999,0.030999994983923734,-0.04999999087554171,-0.050000002002126405
57,0.0,0.0,0.0,0.0,0.0,0.0,0.0,0.0,0.0,0.04663081274494593,-0.0760284971911088,0.04522427354427434,0.030666661282352483,-0.04999999000486484,-0.05000000215123844
58,0.0,0.0,0.0,0.0,0.0,0.0,0.0,0.0,0.0,0.04627840200795508,-0.07628307806353246,0.04515751885060905,0.030333327558820355,-0.049999989059657676,-0.05000000230891859
59,0.0,0.0,0.0,0.0,0.0,0.0,0.0,0.0,0.0,0.04592238863781322,-0.07653731186618351,0.04509073201996403,0.029999993812369466,-0.04999998803438192,-0.05000000247540506
60,0.0,0.0,0.0,0.0,0.0,0.0,0.0,0.0,0.0,0.045562753152354286,-0.07679115406233256,0.045023929003950094,0.02966666004201162,-0.049999986923161724,-0.050000002650914255
61,0.0,0.0,0.0,0.0,0.0,0.0,0.0,0.0,0.0,0.04519947680440616,-0.0770445593436116,0.04495712593301158,0.0293333262467252,-0.04999998571976902,-0.05000000283563622
62,0.0,0.0,0.0,0.0,0.0,0.0,0.0,0.0,0.0,0.04483254161024206,-0.07729748163473915,0.044890339113144134,0.028999992425450646,-0.04999998441760756,-0.05000000302973073
63,0.0,0.0,0.0,0.0,0.0,0.0,0.0,0.0,0.0,0.044461930378289626,-0.07754987409902814,0.04482358502240771,0.028666658577085873,-0.049999983009697505,-0.05000000323332179
64,0.0,0.0,0.0,0.0,0.0,0.0,0.0,0.0,0.0,0.04408762673807454,-0.07780168914470098,0.044756880307227985,0.028333324700479705,-0.049999981488658224,-0.05000000344649289
65,0.0,0.0,0.0,0.0,0.0,0.0,0.0,0.0,0.0,0.04370961516937245,-0.07805287843203303,0.04469024177848717,0.027999990794424882,-0.04999997984669209,-0.05000000366928126
66,0.0,0.0,0.0,0.0,0.0,0.0,0.0,0.0,0.0,0.043327881031543024,-0.07830339288134687,0.04462368640739906,0.027666656857648953,-0.04999997807556629,-0.05000000390167184
67,0.0,0.0,0.0,0.0,0.0,0.0,0.0,0.0,0.0,0.04294241059301804,-0.07855318268187907,0.044557231321167005,0.027333322888804367,-0.049999976166594934,-0.05000000414359108
68,0.0,0.0,0.0,0.0,0.0,0.0,0.0,0.0,0.0,0.042553191060913195,-0.0788021973015405,0.044490893798422394,0.026999988886456144,-0.049999974110619815,-0.050000004394900203
69,0.0,0.0,0.0,0.0,0.0,0.0,0.0,0.0,0.0,0.04216021061073304,-0.07905038549759036,0.044424691264442026,0.026666654849068005,-0.04999997189799051,-0.05000000465538798
70,0.0,0.0,0.0,0.0,0.0,0.0,0.0,0.0,0.0,0.04176345841613663,-0.07929769532824427,0.04435864128614145,0.026333320774986384,-0.04999996951854362,-0.05000000492476367
71,0.0,0.0,0.0,0.0,0.0,0.0,0.0,0.0,0.0,0.04136292467872919,-0.07954407416523536,0.044292761566844224,0.02599998666242178,-0.049999966961580634,-0.05000000520264905
72,0.0,0.0,0.0,0.0,0.0,0.0,0.0,0.0,0.0,0.04095860065784505,-0.07978946870734599,0.04422706994082505,0.02566665250942792,-0.04999996421584463,-0.0500000054885702
73,0.0,0.0,0.0,0.0,0.0,0.0,0.0,0.0,0.0,0.040550478700284456,-0.08003382499492885,0.04416158436762522,0.025333318313877876,-0.04999996126949556,-0.050000005781949484
74,0.0,0.0,0.0,0.0,0.0,0.0,0.0,0.0,0.0,0.04013855226996638,-0.08027708842543252,0.0440963229261405,0.024999984073437134,-0.04999995811008355,-0.05000000608209664
75,0.0,0.0,0.0,0.0,0.0,0.0,0.0,0.0,0.0,0.039722815977457006,-0.08051920376994787,0.04403130380848043,0.02466664978553345,-0.04999995472452047,-0.05000000638820011
76,0.0,0.0,0.0,0.0,0.0,0.0,0.0,0.0,0.0,0.0393032656093335,-0.08076011519078846,0.043966545313599094,0.024333315447323315,-0.04999995109904936,-0.050000006699317805
77,0.0,0.0,0.0,0.0,0.0,0.0,0.0,0.0,0.0,0.03887989815733996,-0.08099976626011965,0.043902065840696586,0.023999981055654235,-0.04999994721921088,-0.0500000070143681
78,0.0,0.0,0.0,0.0,0.0,0.0,0.0,0.0,0.0,0.03845271184729213,-0.08123809997964586,0.04383788388239313,0.023666646607023376,-0.049999943069807304,-0.050000007332120115
79,0.0,0.0,0.0,0.0,0.0,0.0,0.0,0.0,0.0,0.03802170616768614,-0.08147505880136882,0.04377401801767381,0.023333312097531735,-0.04999993863486274,-0.05000000765118535
80,0.0,0.0,0.0,0.0,0.0,0.0,0.0,0.0,0.0,0.037586881897963886,-0.08171058464942303,0.04371048690460894,0.022999977522833916,-0.04999993389758018,-0.05000000797000722
81,0.0,0.0,0.0,0.0,0.0,0.0,0.0,0.0,0.0,0.03714824113638929,-0.08194461894299808,0.04364730927284655,0.02266664287808303,-0.0499999288402937,-0.05000000828685295
82,0.0,0.0,0.0,0.0,0.0,0.0,0.0,0.0,0.0,0.03670578732748549,-0.0821771026203516,0.04358450391588285,0.022333308157871032,-0.04999992344441638,-0.050000008599804066
83,0.0,0.0,0.0,0.0,0.0,0.0,0.0,0.0,0.0,0.036259525288984046,-0.082407976163918,0.04352208968310977,0.021999973356163396,-0.04999991769038247,-0.0500000089067481
84,0.0,0.0,0.0,0.0,0.0,0.0,0.0,0.0,0.0,0.035809461238235626,-0.0826371796265139,0.04346008547164375,0.021666638466229224,-0.04999991155758419,-0.05000000920537036
85,0.0,0.0,0.0,0.0,0.0,0.0,0.0,0.0,0.0,0.035355602818030664,-0.08286465265864139,0.04339851021793698,0.02133330348056545,-0.04999990502430099,-0.050000009493146445
86,0.0,0.0,0.0,0.0,0.0,0.0,0.0,0.0,0.0,0.034897959121777615,-0.08309033453688651,0.043337382889175755,0.020999968390815908,-0.04999989806762247,-0.05000000976733519
87,0.0,0.0,0.0,0.0,0.0,0.0,0.0,0.0,0.0,0.03443654071798643,-0.08331416419340944,0.043276722474467455,0.020666633187684913,-0.049999890663362294,-0.05000001002497287
88,0.0,0.0,0.0,0.0,0.0,0.0,0.0,0.0,0.0,0.03397135967400283,-0.08353608024651972,0.04321654797582234,0.020333297860845225,-0.04999988278596366,-0.050000010262867677
89,0.0,0.0,0.0,0.0,0.0,0.0,0.0,0.0,0.0,0.03350242957894087,-0.08375602103232904,0.043156878398931536,0.01999996239884109,-0.04999987440839451,-0.05000001047759632
90,0.0,0.0,0.0,0.0,0.0,0.0,0.0,0.0,0.0,0.03302976556575738,-0.08397392463747011,0.043097732743748805,0.019666626788985613,-0.04999986550203236,-0.05000001066550102
91,0.0,0.0,0.0,0.0,0.0,0.0,0.0,0.0,0.0,0.03255338433241598,-0.08418972893286916,0.04303912999487827,0.01933329101725359,-0.04999985603653687,-0.05000001082268864
92,0.0,0.0,0.0,0.0,0.0,0.0,0.0,0.0,0.0,0.032073304162083836,-0.08440337160855615,0.04298108911177604,0.018999955068169518,-0.04999984597970993,-0.05000001094503106
93,0.0,0.0,0.0,0.0,0.0,0.0,0.0,0.0,0.0,0.031589544942307916,-0.08461479020949575,0.04292362901876928,0.0186666189246915,-0.04999983529734186,-0.05000001102816799
94,0.0,0.0,0.0,0.0,0.0,0.0,0.0,0.0,0.0,0.03110212818311563,-0.08482392217241716,0.04286676859490066,0.01833328256809158,-0.049999823953042165,-0.05000001106751147
95,0.0,0.0,0.0,0.0,0.0,0.0,0.0,0.0,0.0,0.03061107703398533,-0.08503070486362137,0.042810526663603826,0.017999945977832964,-0.049999811908054824,-0.050000011058252886
96,0.0,0.0,0.0,0.0,0.0,0.0,0.0,0.0,0.0,0.030116416299633315,-0.08523507561773888,0.042754921982217614,0.01766660913144512,-0.049999799121055954,-0.050000010995372476
97,0.0,0.0,0.0,0.0,0.0,0.0,0.0,0.0,0.0,0.02961817245456401,-0.08543697177741078,0.0426999732313455,0.017333272004397438,-0.049999785547932725,-0.050000010873651995
98,0.0,0.0,0.0,0.0,0.0,0.0,0.0,0.0,0.0,0.02911637365633082,-0.08563633073386123,0.04264569900406909,0.01699993456997285,-0.049999771141543116,-0.050000010687690194
99,0.0,0.0,0.0,0.0,0.0,0.0,0.0,0.0,0.0,0.02861104975745636,-0.08583308996832839,0.042592117795024004,0.01666659679914235,-0.04999975585145467,-0.050000010431921496
100,0.0,0.0,0.0,0.0,0.0,0.0,0.0,0.0,0.0,0.02810223231596118,-0.08602718709431739,0.04253924798934579,0.01633325866044165,-0.04999973962366112,-0.050000010100638856
101,0.0,0.0,0.0,0.0,0.0,0.0,0.0,0.0,0.0,0.027589954604452727,-0.08621855990063598,0.04248710785149635,0.01599992011985197,-0.04999972240027582,-0.05000000968801977
102,0.0,0.0,0.0,0.0,0.0,0.0,0.0,0.0,0.0,0.02707425161772622,-0.08640714639517177,0.042435715513979524,0.01566658114068643,-0.04999970411920172,-0.05000000918815706
103,0.0,0.0,0.0,0.0,0.0,0.0,0.0,0.0,0.0,0.02655516007883173,-0.08659288484936632,0.04238508896595603,0.015333241683483574,-0.04999968471377448,-0.05000000859509366
104,0.0,0.0,0.0,0.0,0.0,0.0,0.0,0.0,0.0,0.026032718443563193,-0.08677571384333888,0.042335246041769165,0.014999901705911164,-0.04999966411238147,-0.05000000790286205
105,0.0,0.0,0.0,0.0,0.0,0.0,0.0,0.0,0.0,0.025506966903327433,-0.08695557231161127,0.04228620440938986,0.014666561162681297,-0.04999964223805193,-0.050000007105529085
106,0.0,0.0,0.0,0.0,0.0,0.0,0.0,0.0,0.0,0.024977947386352402,-0.08713239958938072,0.04223798155879491,0.014333220005480082,-0.04999961900802028,-0.05000000619724544
107,0.0,0.0,0.0,0.0,0.0,0.0,0.0,0.0,0.0,0.024445703557198037,-0.08730613545928664,0.042190594790288145,0.013999878182914517,-0.04999959433326056,-0.05000000517230078
108,0.0,0.0,0.0,0.0,0.0,0.0,0.0,0.0,0.0,0.023910280814533454,-0.08747672019861437,0.042144061202777874,0.013666535640479274,-0.049999568117992575,-0.05000000402518452
109,0.0,0.0,0.0,0.0,0.0,0.0,0.0,0.0,0.0,0.0233717262871488,-0.08764409462687678,0.04209839768202192,0.013333192320546423,-0.04999954025915798,-0.05000000275065246
110,0.0,0.0,0.0,0.0,0.0,0.0,0.0,0.0,0.0,0.022830088828171228,-0.0878082001537119,0.04205362088885431,0.012999848162381597,-0.04999951064586834,-0.05000000134379952
111,0.0,0.0,0.0,0.0,0.0,0.0,0.0,0.0,0.0,0.022285419007459298,-0.08796897882703336,0.042009747247405915,0.01266650310218993,-0.04999947915882296,-0.0499999998001386
112,0.0,0.0,0.0,0.0,0.0,0.0,0.0,0.0,0.0,0.021737769102151177,-0.08812637338136803,0.04196679293333328,0.012333157073195298,-0.04999944566969899,-0.049999998115686055
113,0.0,0.0,0.0,0.0,0.0,0.0,0.0,0.0,0.0,0.021187193085347025,-0.08828032728631302,0.04192477386206968,0.011999810005756928,-0.04999941004051335,-0.04999999628705336
114,0.0,0.0,0.0,0.0,0.0,0.0,0.0,0.0,0.0,0.020633746612908774,-0.08843078479504385,0.0418837056771117,0.011666461827527069,-0.049999372122957526,-0.049999994311546066
115,0.0,0.0,0.0,0.0,0.0,0.0,0.0,0.0,0.0,0.020077487008363006,-0.0885776909928016,0.0418436037383585,0.011333112463653811,-0.04999933175770707,-0.04999999218726845
116,0.0,0.0,0.0,0.0,0.0,0.0,0.0,0.0,0.0,0.01951847324589861,-0.08872099184528856,0.0418044831105156,0.010999761837033467,-0.049999288773707184,-0.04999998991323612
117,0.0,0.0,0.0,0.0,0.0,0.0,0.0,0.0,0.0,0.018956765931452096,-0.08886063424689708,0.04176635855158217,0.010666409868616599,-0.04999924298743658,-0.049999987489494
118,0.0,0.0,0.0,0.0,0.0,0.0,0.0,0.0,0.0,0.01839242728187914,-0.08899656606869916,0.04172924450143396,0.010333056477771963,-0.04999919420215191,-0.049999984917242266
119,0.0,0.0,0.0,0.0,0.0,0.0,0.0,0.0,0.0,0.017825521102213877,-0.08912873620611937,0.04169315507052106,0.009999701582712944,-0.04999914220711586,-0.04999998219896791
120,0.0,0.0,0.0,0.0,0.0,0.0,0.0,0.0,0.0,0.017256112761021593,-0.08925709462621643,0.04165810402869474,0.009666345100990535,-0.049999086776812265,-0.04999997933858316
121,0.0,0.0,0.0,0.0,0.0,0.0,0.0,0.0,0.0,0.01668426916385513,-0.08938159241449595,0.04162410479418094,0.009332986950057603,-0.049999027670152116,-0.04999997634157001
122,0.0,0.0,0.0,0.0,0.0,0.0,0.0,0.0,0.0,0.016110058724828142,-0.08950218182117751,0.041591170422716796,0.008999627047908163,-0.04999896462967463,-0.04999997321513066
123,0.0,0.0,0.0,0.0,0.0,0.0,0.0,0.0,0.0,0.015533551336323798,-0.08961881630683949,0.04155931359686724,0.008666265313796141,-0.049998897380747774,-0.04999996996834376
124,0.0,0.0,0.0,0.0,0.0,0.0,0.0,0.0,0.0,0.014954818336860269,-0.08973145058736355,0.041528546615539556,0.008332901669037435,-0.049998825630774915,-0.049999966612325565
125,0.0,0.0,0.0,0.0,0.0,0.0,0.0,0.0,0.0,0.014373932477139667,-0.08984004067810308,0.04149888138371219,0.007999536037899017,-0.04999874906841167,-0.04999996316039629
126,0.0,0.0,0.0,0.0,0.0,0.0,0.0,0.0,0.0,0.013790967884309996,-0.08994454393719896,0.04147032940239586,0.007666168348578429,-0.049998667362800245,-0.049999959628250636
127,0.0,0.0,0.0,0.0,0.0,0.0,0.0,0.0,0.0,0.013206000024474222,-0.09004491910796675,0.04144290175884542,0.007332798534276977,-0.04999858016282835,-0.049999956034131696
128,0.0,0.0,0.0,0.0,0.0,0.0,0.0,0.0,0.0,0.012619105663484868,-0.09014112636028172,0.04141660911703813,0.006999426534369347,-0.049998487096419,-0.04999995239900868
129,0.0,0.0,0.0,0.0,0.0,0.0,0.0,0.0,0.0,0.012030362826064962,-0.09023312733088738,0.04139146170843815,0.006666052295671755,-0.04999838776985991,-0.04999994874675618
130,0.0,0.0,0.0,0.0,0.0,0.0,0.0,0.0,0.0,0.011439850753301905,-0.09032088516255578,0.041367469323063386,0.006332675773810949,-0.04999828176718023,-0.04999994510433578
131,0.0,0.0,0.0,0.0,0.0,0.0,0.0,0.0,0.0,0.010847649858562415,-0.09040436454202933,0.04134464130087359,0.0059992969346948965,-0.0499981686495837,-0.04999994150197759
132,0.0,0.0,0.0,0.0,0.0,0.0,0.0,0.0,0.0,0.010253841681881612,-0.0904835317366752,0.04132298652349565,0.005665915756086176,-0.049998047954947035,-0.049999937973362434
133,0.0,0.0,0.0,0.0,0.0,0.0,0.0,0.0,0.0,0.00965850884288217,-0.09055835462978523,0.041302513406305225,0.005332532229278146,-0.04999791919739311,-0.049999934555802025
134,0.0,0.0,0.0,0.0,0.0,0.0,0.0,0.0,0.0,0.009061734992282295,-0.09062880275445753,0.041283229890880374,0.004999146360873065,-0.04999778186694903,-0.04999993129041744
135,0.0,0.0,0.0,0.0,0.0,0.0,0.0,0.0,0.0,0.00846360476205501,-0.09069484732599659,0.04126514343784459,0.004665758174661016,-0.049997635429298526,-0.04999992822231398
136,0.0,0.0,0.0,0.0,0.0,0.0,0.0,0.0,0.0,0.007864203714303427,-0.09075646127277259,0.04124826102011653,0.004332367713597357,-0.04999747932564026,-0.04999992540075136
137,0.0,0.0,0.0,0.0,0.0,0.0,0.0,0.0,0.0,0.00726361828891991,-0.0908136192654827,0.041232589116581286,0.003998975041875749,-0.04999731297266083,-0.04999992287930799
138,0.0,0.0,0.0,0.0,0.0,0.0,0.0,0.0,0.0,0.00666193575009844,-0.09086629774476,0.041218133706200054,0.0036655802470925503,-0.0499971357626349,-0.04999992071603824
139,0.0,0.0,0.0,0.0,0.0,0.0,0.0,0.0,0.0,0.0060592441317736,-0.0909144749470786,0.04120490026257298,0.0033321834424983616,-0.049996947063661694,-0.04999991897362095
140,0.0,0.0,0.0,0.0,0.0,0.0,0.0,0.0,0.0,0.005455632182059415,-0.09095813092890676,0.04119289374897003,0.0029987847693303087,-0.04999674622004919,-0.0499999177194979
141,0.0,0.0,0.0,0.0,0.0,0.0,0.0,0.0,0.0,0.004851189306764218,-0.09099724758906291,0.04118211861384407,0.002665384399218434,-0.0499965325528563,-0.04999991702600077
142,0.0,0.0,0.0,0.0,0.0,0.0,0.0,0.0,0.0,0.004246005512060265,-0.09103180868923288,0.04117257878683896,0.002331982536658943,-0.049996305360603094,-0.04999991697046522
143,0.0,0.0,0.0,0.0,0.0,0.0,0.0,0.0,0.0,0.0036401713463852883,-0.09106179987260943,0.041164277675307115,0.0019985794215446333,-0.04999606392015977,-0.04999991763532996
144,0.0,0.0,0.0,0.0,0.0,0.0,0.0,0.0,0.0,0.003033777841657889,-0.09108720868062042,0.04115721816134531,0.001665175331743585,-0.04999580748782244,-0.049999919108220006
145,0.0,0.0,0.0,0.0,0.0,0.0,0.0,0.0,0.0,0.0024269164538861434,-0.091108024567713,0.04115140259936302,0.0013317705857145497,-0.04999553530058644,-0.04999992148201185
146,0.0,0.0,0.0,0.0,0.0,0.0,0.0,0.0,0.0,0.0018196790032521213,-0.09112423891416672,0.04114683281419101,0.000998365545147747,-0.0499952465776244,-0.04999992485487904
147,0.0,0.0,0.0,0.0,0.0,0.0,0.0,0.0,0.0,0.001212157613753895,-0.09113584503691186,0.041143510099740016,0.0006649606176180509,-0.04999494052197728,-0.04999992933031691
148,0.0,0.0,0.0,0.0,0.0,0.0,0.0,0.0,0.0,0.0006044446524869549,-0.09114283819833167,0.04114143521821784,0.0003315562592366619,-0.04999461632246531,-0.049999935017144004
149,0.0,0.0,0.0,0.0,0.0,0.0,0.0,0.0,0.0,-3.3673313521366333e-06,-0.09114521561303325,0.041140608399910183,-1.8470227130695102e-06,-0.049994273155824345,-0.04999994202947962
150,0.0,0.0,0.0,0.0,0.0,0.0,0.0,0.0,0.0,-0.0006111856676584656,-0.09114297645257251,0.04114102934353324,-0.00033524866717147915,-0.04999391018907382,-0.04999995048669438
151,0.0,0.0,0.0,0.0,0.0,0.0,0.0,0.0,0.0,-0.0012189176267263183,-0.09113612184812558,0.041142697217159484,-0.0006686480567464261,-0.04999352658211824,-0.04999996051333389
152,0.0,0.0,0.0,0.0,0.0,0.0,0.0,0.0,0.0,-0.0018264704805904784,-0.09112465489109985,0.041145610659722685,-0.001002044515222077,-0.04999312149058733,-0.04999997223901218
153,0.0,0.0,0.0,0.0,0.0,0.0,0.0,0.0,0.0,-0.0024337515643215214,-0.09110858063168381,0.04114976778310098,-0.0013354373051505297,-0.049992694068913546,-0.04999998579827471
154,0.0,0.0,0.0,0.0,0.0,0.0,0.0,0.0,0.0,-0.0030406683371960643,-0.0910879060753367,0.04115516617478068,-0.00166882562554461,-0.049992243473649445,-0.05000000133042863
155,0.0,0.0,0.0,0.0,0.0,0.0,0.0,0.0,0.0,-0.003647128443664087,-0.0910626401772238,0.04116180290109852,-0.0020022086096906193,-0.04999176886702191,-0.05000001897933911
156,0.0,0.0,0.0,0.0,0.0,0.0,0.0,0.0,0.0,-0.004253039774037064,-0.09103279383460584,0.041169674511059795,-0.002335585323100361,-0.04999126942072035,-0.050000038893189894
157,0.0,0.0,0.0,0.0,0.0,0.0,0.0,0.0,0.0,-0.004858310524821815,-0.09099837987719538,0.04117877704072878,-0.002668954761621933,-0.04999074431991556,-0.050000061224207804
158,0.0,0.0,0.0,0.0,0.0,0.0,0.0,0.0,0.0,-0.005462849258626723,-0.09095941305549535,0.04118910601818528,-0.0030023158497288613,-0.04999019276750068,-0.05000008612834853
159,0.0,0.0,0.0,0.0,0.0,0.0,0.0,0.0,0.0,-0.006066564963568822,-0.09091591002713917,0.041200656469041044,-0.0033356674390074906,-0.04998961398854925,-0.05000011376494351
160,0.0,0.0,0.0,0.0,0.0,0.0,0.0,0.0,0.0,-0.0066693671121119055,-0.09086788934125462,0.04121342292250653,-0.003669008306862081,-0.049989007234978164,-0.050000144296306434
161,0.0,0.0,0.0,0.0,0.0,0.0,0.0,0.0,0.0,-0.0072711657192681915,-0.09081537142087648,0.04122739941799862,-0.0040023371554573015,-0.04998837179040544,-0.05000017788729834
162,0.0,0.0,0.0,0.0,0.0,0.0,0.0,0.0,0.0,-0.00787187140009727,-0.09075837854343723,0.04124257951227694,-0.004335652610916881,-0.049987706975189394,-0.0500002147048508
163,0.0,0.0,0.0,0.0,0.0,0.0,0.0,0.0,0.0,-0.008471395426439248,-0.09069693481936626,0.041258956287096395,-0.0046689532227973275,-0.049987012151634445,-0.0500002549174459
164,0.0,0.0,0.0,0.0,0.0,0.0,0.0,0.0,0.0,-0.009069649782820434,-0.09063106616883254,0.041276522357360505,-0.005002237463854551,-0.04998628672934621,-0.050000298694552976
165,0.0,0.0,0.0,0.0,0.0,0.0,0.0,0.0,0.0,-0.00966654722147243,-0.09056080029666705,0.041295269879760246,-0.005335503730120731,-0.04998553017071854,-0.05000034620602084
166,0.0,0.0,0.0,0.0,0.0,0.0,0.0,0.0,0.0,-0.010262001316407574,-0.09048616666550535,0.041315190561879794,-0.005668750341307594,-0.04998474199653151,-0.05000039762142647
167,0.0,0.0,0.0,0.0,0.0,0.0,0.0,0.0,0.0,-0.010855926516496365,-0.09040719646719164,0.04133627567175162,-0.006001975541551624,-0.04998392179163921,-0.05000045310937824
168,0.0,0.0,0.0,0.0,0.0,0.0,0.0,0.0,0.0,-0.011448238197494753,-0.0903239225924895,0.04135851604783941,-0.006335177500515367,-0.049983069210723714,-0.050000512836775396
169,0.0,0.0,0.0,0.0,0.0,0.0,0.0,0.0,0.0,-0.012038852712970477,-0.0902363795991451,0.04138190210942934,-0.006668354314857394,-0.04998218398409146,-0.05000057696802217
170,0.0,0.0,0.0,0.0,0.0,0.0,0.0,0.0,0.0,-0.01261969074613234,-0.09014066750568218,0.04141742950862639,-0.0069999985967880846,-0.050000000693099365,-0.049999997320112406
171,0.0,0.0,0.0,0.0,0.0,0.0,0.0,0.0,0.0,-0.013206522007383207,-0.09004448782629461,0.04144367247926739,-0.007333331851401816,-0.050000000776174745,-0.049999997035272914
172,0.0,0.0,0.0,0.0,0.0,0.0,0.0,0.0,0.0,-0.013791431583963669,-0.08994413886070968,0.041471053754036966,-0.007666665108865687,-0.050000000866638805,-0.0499999967238937
173,0.0,0.0,0.0,0.0,0.0,0.0,0.0,0.0,0.0,-0.014374342471577478,-0.08983966047809785,0.04149956245178865,-0.007999998370668872,-0.05000000096472959,-0.049999996383989886
174,0.0,0.0,0.0,0.0,0.0,0.0,0.0,0.0,0.0,-0.014955178967242641,-0.08973109397414036,0.041529187281498015,-0.00833333163851676,-0.05000000107061858,-0.049999996013485926
175,0.0,0.0,0.0,0.0,0.0,0.0,0.0,0.0,0.0,-0.015533866709702632,-0.08961848202964659,0.0415599165512529,-0.008666664914346938,-0.05000000118439526,-0.04999999561021828
176,0.0,0.0,0.0,0.0,0.0,0.0,0.0,0.0,0.0,-0.01611033271799859,-0.08950186866814354,0.041591738177500726,-0.008999998200345347,-0.05000000130605049,-0.04999999517193797
177,0.0,0.0,0.0,0.0,0.0,0.0,0.0,0.0,0.0,-0.01668450542816834,-0.08938129921251728,0.041624639694535254,-0.009333331498961723,-0.05000000143545718,-0.049999994696315525
178,0.0,0.0,0.0,0.0,0.0,0.0,0.0,0.0,0.0,-0.01725631472804281,-0.08925682024078385,0.04165860826421273,-0.009666664812924431,-0.050000001572349975,-0.04999999418094594
179,0.0,0.0,0.0,0.0,0.0,0.0,0.0,0.0,0.0,-0.01782569199011563,-0.08912847954106981,0.04169363068588089,-0.009999998145254816,-0.05000000171630354,-0.049999993623354944
180,0.0,0.0,0.0,0.0,0.0,0.0,0.0,0.0,0.0,-0.018392570102464353,-0.08899632606588281,0.04172969340650615,-0.01033333149928003,-0.050000001866708436,-0.04999999302100668
181,0.0,0.0,0.0,0.0,0.0,0.0,0.0,0.0,0.0,-0.018956883497706925,-0.08886040988575097,0.041766782530986264,-0.010666664878644684,-0.05000000202274623,-0.04999999237131197
182,0.0,0.0,0.0,0.0,0.0,0.0,0.0,0.0,0.0,-0.01951856817998212,-0.08872078214231231,0.0418048838326307,-0.010999998287320923,-0.0500000021833621,-0.04999999167163871
183,0.0,0.0,0.0,0.0,0.0,0.0,0.0,0.0,0.0,-0.020077561749944017,-0.08857749500093223,0.04184398276379783,-0.011333331729616392,-0.05000000234723728,-0.049999990919322584
184,0.0,0.0,0.0,0.0,0.0,0.0,0.0,0.0,0.0,-0.020633803427768212,-0.08843060160292916,0.041884064466670895,-0.011666665210180017,-0.05000000251275886,-0.04999999011167948
185,0.0,0.0,0.0,0.0,0.0,0.0,0.0,0.0,0.0,-0.021187234074168598,-0.08828015601748554,0.04192511378416047,-0.011999998734005387,-0.0500000026779897,-0.04999998924601917
186,0.0,0.0,0.0,0.0,0.0,0.0,0.0,0.0,0.0,-0.02173779620942933,-0.08812621319332242,0.04196711527091665,-0.012333332306431067,-0.050000002840636104,-0.04999998831966035
187,0.0,0.0,0.0,0.0,0.0,0.0,0.0,0.0,0.0,-0.022285434030458493,-0.08796882891021286,0.04201005320443883,-0.012666665933137708,-0.05000000299801601,-0.04999998732994662
188,0.0,0.0,0.0,0.0,0.0,0.0,0.0,0.0,0.0,-0.02283009342587671,-0.08780805973040934,0.042053911596266626,-0.012999999620141986,-0.050000003147025684,-0.049999986274264184
189,0.0,0.0,0.0,0.0,0.0,0.0,0.0,0.0,0.0,-0.023371721989153875,-0.08764396295005845,0.042098674203239254,-0.013333333373786541,-0.05000000328410683,-0.04999998515006008
190,0.0,0.0,0.0,0.0,0.0,0.0,0.0,0.0,0.0,-0.02391026902981342,-0.08747659655067512,0.04214432453880782,-0.013666667200725891,-0.05000000340521356,-0.04999998395486235
191,0.0,0.0,0.0,0.0,0.0,0.0,0.0,0.0,0.0,-0.024445685582725814,-0.08730601915074548,0.04219084588438793,-0.014000001107907995,-0.05000000350577947,-0.04999998268630072
192,0.0,0.0,0.0,0.0,0.0,0.0,0.0,0.0,0.0,-0.02497792441551629,-0.08713228995752707,0.04223822130073878,-0.01433333510255161,-0.05000000358068637,-0.049999981342128276
193,0.0,0.0,0.0,0.0,0.0,0.0,0.0,0.0,0.0,-0.02550694003411455,-0.0869554687191126,0.04228643363935431,-0.014666669192118396,-0.0500000036242331,-0.04999997992024454
194,0.0,0.0,0.0,0.0,0.0,0.0,0.0,0.0,0.0,-0.0260326886864779,-0.08677561567682063,0.042335465553855076,-0.015000003384280598,-0.05000000363010707,-0.04999997841871863
195,0.0,0.0,0.0,0.0,0.0,0.0,0.0,0.0,0.0,-0.02655512836452095,-0.08659279151797561,0.04238529951136631,-0.015333337686883212,-0.0500000035913571,-0.04999997683581364
196,0.0,0.0,0.0,0.0,0.0,0.0,0.0,0.0,0.0,-0.02707421880428907,-0.08640705732913595,0.042435917803870994,-0.01566667210790139,-0.05000000350036902,-0.04999997517001121
197,0.0,0.0,0.0,0.0,0.0,0.0,0.0,0.0,0.0,-0.027589921484413374,-0.08621847454982755,0.04248730255952532,-0.0160000066553925,-0.05000000334884465,-0.0499999734200364
198,0.0,0.0,0.0,0.0,0.0,0.0,0.0,0.0,0.0,-0.028102199622888863,-0.08602710492683723,0.042539435753924215,-0.016333341337442808,-0.050000003127783535,-0.04999997158488312
199,0.0,0.0,0.0,0.0,0.0,0.0,0.0,0.0,0.0,-0.02861101817221889,-0.08583301046911744,0.04259229922130688,-0.016666676162109373,-0.050000002827469435,-0.04999996966383886
200,0.0,0.0,0.0,0.0,0.0,0.0,0.0,0.0,0.0,-0.029116343812970732,-0.08563625340335233,0.04264587466568964,-0.017000011137356726,-0.05000000243746111,-0.049999967656509936
201,0.0,0.0,0.0,0.0,0.0,0.0,0.0,0.0,0.0,-0.029618144945789283,-0.08543689613023084,0.04270014367191713,-0.017333346270988734,-0.05000000194658796,-0.04999996556284547
202,0.0,0.0,0.0,0.0,0.0,0.0,0.0,0.0,0.0,-0.0301163916819174,-0.08523500118147172,0.042755087716619795,-0.01766668157057593,-0.05000000134295152,-0.04999996338316153
203,0.0,0.0,0.0,0.0,0.0,0.0,0.0,0.0,0.0,-0.030611055832272922,-0.08503063117764098,0.0428106881790688,-0.018000017043378405,-0.05000000061393226,-0.049999961118164085
204,0.0,0.0,0.0,0.0,0.0,0.0,0.0,0.0,0.0,-0.03110211089513327,-0.08482384878679972,0.04286692635192041,-0.018333352696265334,-0.04999999974620418,-0.04999995876897001
205,0.0,0.0,0.0,0.0,0.0,0.0,0.0,0.0,0.0,-0.03158953204248018,-0.08461471668401997,0.04292378345183648,-0.018666688535630308,-0.04999999872575489,-0.04999995633712827
206,0.0,0.0,0.0,0.0,0.0,0.0,0.0,0.0,0.0,-0.03207329610505801,-0.08440329751179901,0.042981240629977366,-0.01900002456730432,-0.04999999753791367,-0.049999953824638135
207,0.0,0.0,0.0,0.0,0.0,0.0,0.0,0.0,0.0,-0.03255338155619943,-0.08418965384140392,0.043039278982356065,-0.019333360796466373,-0.04999999616738746,-0.04999995123396609
208,0.0,0.0,0.0,0.0,0.0,0.0,0.0,0.0,0.0,-0.03302976849447341,-0.08397384813517389,0.043097879560046196,-0.019666697227552148,-0.04999999459830421,-0.04999994856806059
209,0.0,0.0,0.0,0.0,0.0,0.0,0.0,0.0,0.0,-0.033502438625210865,-0.08375594270980388,0.04315702337923724,-0.020000033864162062,-0.04999999281426493,-0.04999994583036442
210,0.0,0.0,0.0,0.0,0.0,0.0,0.0,0.0,0.0,-0.033971375240963386,-0.0835359997006334,0.04321669143112921,-0.020333370708968942,-0.04999999079840396,-0.049999943024824446
211,0.0,0.0,0.0,0.0,0.0,0.0,0.0,0.0,0.0,-0.034436563200951245,-0.08331408102695849,0.04327686469166048,-0.020666707763626595,-0.049999988533457836,-0.049999940155898856
212,0.0,0.0,0.0,0.0,0.0,0.0,0.0,0.0,0.0,-0.034897988909555734,-0.08309024835838462,0.04333752413106323,-0.021000045028679748,-0.049999986001843036,-0.04999993722856058
213,0.0,0.0,0.0,0.0,0.0,0.0,0.0,0.0,0.0,-0.035355640293913,-0.08286456308223511,0.04339865072323924,-0.021333382503476744,-0.049999983185742204,-0.049999934248298655
214,0.0,0.0,0.0,0.0,0.0,0.0,0.0,0.0,0.0,-0.0358095067806638,-0.0826370862720266,0.04346022545495164,-0.021666720186085488,-0.049999980067198704,-0.049999931221115415
215,0.0,0.0,0.0,0.0,0.0,0.0,0.0,0.0,0.0,-0.036259579271915254,-0.08240787865702123,0.04352222933482796,-0.022000058073214153,-0.049999976628219985,-0.0499999281535203
216,0.0,0.0,0.0,0.0,0.0,0.0,0.0,0.0,0.0,-0.03670585012046927,-0.08217700059286319,0.043584643402168735,-0.02233339616013741,-0.049999972850888884,-0.0499999250525202
217,0.0,0.0,0.0,0.0,0.0,0.0,0.0,0.0,0.0,-0.03714831310437199,-0.08194451203330455,0.04364744873555783,-0.022666734440629034,-0.0499999687174825,-0.04999992192560593
218,0.0,0.0,0.0,0.0,0.0,0.0,0.0,0.0,0.0,-0.037586963400837864,-0.08171047250302309,0.043710626461271204,-0.02300007290690263,-0.049999964210599164,-0.0499999187807348
219,0.0,0.0,0.0,0.0,0.0,0.0,0.0,0.0,0.0,-0.038021797559601854,-0.08147494107153326,0.04377415776147884,-0.023333411549560423,-0.04999995931329073,-0.04999991562630953
220,0.0,0.0,0.0,0.0,0.0,0.0,0.0,0.0,0.0,-0.03845281347575116,-0.08123797632818877,0.04383802388223873,-0.023666750357552568,-0.04999995400920272,-0.0499999124711529
221,0.0,0.0,0.0,0.0,0.0,0.0,0.0,0.0,0.0,-0.03888001036208805,-0.08099963635827422,0.043902206141278016,-0.024000089318146643,-0.049999948282718955,-0.04999990932447891
222,0.0,0.0,0.0,0.0,0.0,0.0,0.0,0.0,0.0,-0.03930338872107411,-0.08075997872018044,0.043966685935559746,-0.024333428416909157,-0.04999994211911078,-0.04999990619585992
223,0.0,0.0,0.0,0.0,0.0,0.0,0.0,0.0,0.0,-0.03972295031640441,-0.08051906042365735,0.044031444748632596,-0.024666767637699635,-0.049999935504690673,-0.04999990309519008
224,0.0,0.0,0.0,0.0,0.0,0.0,0.0,0.0,0.0,-0.04013869814426024,-0.08027693790913558,0.04409646415776158,-0.025000106962678258,-0.04999992842696763,-0.04999990003264505
225,0.0,0.0,0.0,0.0,0.0,0.0,0.0,0.0,0.0,-0.04055063640428621,-0.08003366702810795,0.04416172584083785,-0.025333446372327838,-0.04999992087480543,-0.049999897018638474
226,0.0,0.0,0.0,0.0,0.0,0.0,0.0,0.0,0.0,-0.04095877047033808,-0.0797893030245587,0.04422721158306628,-0.025666785845490862,-0.04999991283858039,-0.04999989406377495
227,0.0,0.0,0.0,0.0,0.0,0.0,0.0,0.0,0.0,-0.041363106861044295,-0.07954390051742893,0.04429290328342905,-0.0260001253594219,-0.04999990431033889,-0.04999989117880044
228,0.0,0.0,0.0,0.0,0.0,0.0,0.0,0.0,0.0,-0.04176365321022457,-0.07929751348410347,0.044358782960925915,-0.02633346488985657,-0.04999989528395325,-0.04999988837454917
229,0.0,0.0,0.0,0.0,0.0,0.0,0.0,0.0,0.0,-0.04216041823720657,-0.07905019524490521,0.0444248327605877,-0.026666804411096597,-0.04999988575527367,-0.04999988566188894
230,0.0,0.0,0.0,0.0,0.0,0.0,0.0,0.0,0.0,-0.042553411717080124,-0.07880199844858043,0.04449103495926563,-0.02700014389611197,-0.049999875722276335,-0.04999988305166362
231,0.0,0.0,0.0,0.0,0.0,0.0,0.0,0.0,0.0,-0.042942644450927485,-0.07855297505875834,0.04455737197119369,-0.02733348331665972,-0.04999986518520484,-0.049999880554634515
232,0.0,0.0,0.0,0.0,0.0,0.0,0.0,0.0,0.0,-0.04332812823606648,-0.07830317634136708,0.044623826353325576,-0.02766682264341974,-0.04999985414670429,-0.049999878181420064
233,0.0,0.0,0.0,0.0,0.0,0.0,0.0,0.0,0.0,-0.04370987583634062,-0.07805265285298757,0.04469038081044621,-0.028000161846147124,-0.04999984261194729,-0.049999875942434685
234,0.0,0.0,0.0,0.0,0.0,0.0,0.0,0.0,0.0,-0.044087900952491633,-0.07780145443012615,0.044757018200057674,-0.02833350089384096,-0.04999983058874852,-0.04999987384782732
235,0.0,0.0,0.0,0.0,0.0,0.0,0.0,0.0,0.0,-0.04446221819264461,-0.07754963017938571,0.04482372153704077,-0.028666839754928893,-0.04999981808766833,-0.04999987190742014
236,0.0,0.0,0.0,0.0,0.0,0.0,0.0,0.0,0.0,-0.044832843042937255,-0.0772972284685155,0.044890473998093074,-0.02900017839746671,-0.04999980512210295,-0.04999987013064743
237,0.0,0.0,0.0,0.0,0.0,0.0,0.0,0.0,0.0,-0.04519979183832141,-0.07704429691831832,0.04495725892594457,-0.02933351678935225,-0.04999979170836066,-0.04999986852649595
238,0.0,0.0,0.0,0.0,0.0,0.0,0.0,0.0,0.0,-0.04556308173356538,-0.07679088239539389,0.04502405983335164,-0.029666854898552784,-0.04999977786572149,-0.04999986710344673
239,0.0,0.0,0.0,0.0,0.0,0.0,0.0,0.0,0.0,-0.04592273067448102,-0.07653703100569742,0.04509086040687173,-0.03000019269334383,-0.04999976361648059,-0.04999986586941904
240,0.0,0.0,0.0,0.0,0.0,0.0,0.0,0.0,0.0,-0.046278757369401576,-0.07628278808889094,0.045157644510419495,-0.030333530142559212,-0.049999748985973064,-0.049999864831717325
241,0.0,0.0,0.0,0.0,0.0,0.0,0.0,0.0,0.0,-0.04663118126093134,-0.07602819821346554,0.045224396188607775,-0.030666867215849786,-0.04999973400257991,-0.04999986399698073
242,0.0,0.0,0.0,0.0,0.0,0.0,0.0,0.0,0.0,-0.046980022497989715,-0.07577330517261316,0.04529109966987354,-0.0310002038839496,-0.049999718697713566,-0.04999986337113709
243,0.0,0.0,0.0,0.0,0.0,0.0,0.0,0.0,0.0,-0.047325301908168416,-0.07551815198082497,0.04535773936939244,-0.0313335401189473,-0.04999970310578242,-0.049999862959360805
244,0.0,0.0,0.0,0.0,0.0,0.0,0.0,0.0,0.0,-0.047667040970420536,-0.0752627808711949,0.04542429989178426,-0.031666875894561075,-0.049999687264133674,-0.04999986276603585
245,0.0,0.0,0.0,0.0,0.0,0.0,0.0,0.0,0.0,-0.04800526178809786,-0.07500723329340558,0.045490766033611955,-0.032000211186414496,-0.049999671212974044,-0.04999986279472344
246,0.0,0.0,0.0,0.0,0.0,0.0,0.0,0.0,0.0,-0.0483399870623525,-0.07475154991237593,0.04555712278567606,-0.03233354597231107,-0.04999965499526736,-0.049999863048136486
247,0.0,0.0,0.0,0.0,0.0,0.0,0.0,0.0,0.0,-0.048671240065916305,-0.07449577060754704,0.04562335533510959,-0.03266688023250494,-0.04999963865660932,-0.049999863528119116
248,0.0,0.0,0.0,0.0,0.0,0.0,0.0,0.0,0.0,-0.04899904461727135,-0.07423993447278604,0.04568944906727468,-0.033000213949965426,-0.049999622245079284,-0.049999864235633726
249,0.0,0.0,0.0,0.0,0.0,0.0,0.0,0.0,0.0,-0.049323425055222296,-0.07398407981688578,0.045755389567465665,-0.03333354711063177,-0.04999960581106867,-0.04999986517075422
250,0.0,0.0,0.0,0.0,0.0,0.0,0.0,0.0,0.0,-0.04964440621388194,-0.0737282441646395,0.04582116262242137,-0.033666879703656324,-0.04999958940708667,-0.04999986633266711
251,0.0,0.0,0.0,0.0,0.0,0.0,0.0,0.0,0.0,-0.049962013398077924,-0.07347246425846951,0.04588675422165096,-0.03400021172163245,-0.04999957308754373,-0.049999867719679805
252,0.0,0.0,0.0,0.0,0.0,0.0,0.0,0.0,0.0,-0.05027627235918947,-0.07321677606058923,0.045952150558577,-0.034333543160804426,-0.049999556908512995,-0.04999986932923685
253,0.0,0.0,0.0,0.0,0.0,0.0,0.0,0.0,0.0,-0.050587209271420346,-0.07296121475567804,0.04601733803150019,-0.0346668740212564,-0.04999954092747105,-0.049999871157943666
254,0.0,0.0,0.0,0.0,0.0,0.0,0.0,0.0,0.0,-0.050894850708514267,-0.07270581475404977,0.04608230324438922,-0.03500020430707675,-0.0499995252030184,-0.04999987320159889
255,0.0,0.0,0.0,0.0,0.0,0.0,0.0,0.0,0.0,-0.05119922362091731,-0.07245060969529424,0.04614703300750158,-0.03533353402649568,-0.04999950979458175,-0.049999875455234176
256,0.0,0.0,0.0,0.0,0.0,0.0,0.0,0.0,0.0,-0.05150035531339164,-0.07219563245237326,0.04621151433783839,-0.035666863191991915,-0.04999949476209835,-0.04999987791316239
257,0.0,0.0,0.0,0.0,0.0,0.0,0.0,0.0,0.0,-0.051798273423082936,-0.07194091513615211,0.046275734459438916,-0.03600019182036608,-0.04999948016568481,-0.04999988056903368
258,0.0,0.0,0.0,0.0,0.0,0.0,0.0,0.0,0.0,-0.05209300589804372,-0.07168648910034747,0.04633968080352027,-0.036333519932777586,-0.049999466065292486,-0.04999988341589881
259,0.0,0.0,0.0,0.0,0.0,0.0,0.0,0.0,0.0,-0.05238458097621476,-0.07143238494687455,0.046403341008465444,-0.036666847554741575,-0.049999452520349735,-0.049999886446280735
260,0.0,0.0,0.0,0.0,0.0,0.0,0.0,0.0,0.0,-0.05267302716486377,-0.07117863253157496,0.0464667029196665,-0.03700017471608365,-0.0499994395893954,-0.04999988965225292
261,0.0,0.0,0.0,0.0,0.0,0.0,0.0,0.0,0.0,-0.05295837322048244,-0.07092526097030792,0.04652975458922823,-0.037333501450849405,-0.049999427329704166,-0.04999989302552432
262,0.0,0.0,0.0,0.0,0.0,0.0,0.0,0.0,0.0,-0.05324064812914027,-0.07067229864538858,0.04659248427553613,-0.03766682779716544,-0.04999941579690695,-0.04999989655753124
263,0.0,0.0,0.0,0.0,0.0,0.0,0.0,0.0,0.0,-0.05351988108729444,-0.07041977321235586,0.04665488044269571,-0.03800015379705006,-0.049999405044608355,-0.049999900239534836
264,0.0,0.0,0.0,0.0,0.0,0.0,0.0,0.0,0.0,-0.05379610148305291,-0.07016771160705407,0.04671693175984873,-0.03833347949617119,-0.0499993951240055,-0.049999904062723505
265,0.0,0.0,0.0,0.0,0.0,0.0,0.0,0.0,0.0,-0.05406933887788933,-0.06991614005301236,0.04677862710037062,-0.03866680494354852,-0.04999938608350857,-0.049999908018320535
266,0.0,0.0,0.0,0.0,0.0,0.0,0.0,0.0,0.0,-0.05433962298880595,-0.06966508406910636,0.04683995554095646,-0.039000130191198634,-0.04999937796836834,-0.04999991209769508
267,0.0,0.0,0.0,0.0,0.0,0.0,0.0,0.0,0.0,-0.05460698367094159,-0.06941456847748696,0.04690090636060024,-0.039333455293720884,-0.04999937082031254,-0.04999991629247678
268,0.0,0.0,0.0,0.0,0.0,0.0,0.0,0.0,0.0,-0.054871450900620844,-0.06916461741176093,0.04696146903947418,-0.03966678030782262,-0.04999936467719468,-0.04999992059467194
269,0.0,0.0,0.0,0.0,0.0,0.0,0.0,0.0,0.0,-0.055133054758840595,-0.06891525432540965,0.04702163325771227,-0.04000010529178192,-0.049999359572658025,-0.04999992499678225
270,0.0,0.0,0.0,0.0,0.0,0.0,0.0,0.0,0.0,-0.055391825415188736,-0.06866650200043056,0.047081388894106735,-0.04033343030484719,-0.049999355535818635,-0.04999992949192246
271,0.0,0.0,0.0,0.0,0.0,0.0,0.0,0.0,0.0,-0.05564779311219168,-0.06841838255618857,0.047140726024720345,-0.040666755406572844,-0.04999935259097048,-0.04999993407393878
272,0.0,0.0,0.0,0.0,0.0,0.0,0.0,0.0,0.0,-0.055900988150084374,-0.0681709174584631,0.0471996349214222,-0.04100008065608944,-0.04999935075731543,-0.049999938737525236
273,0.0,0.0,0.0,0.0,0.0,0.0,0.0,0.0,0.0,-0.056151440871998706,-0.0679241275286777,0.04725810605035249,-0.041333406111309264,-0.049999350048722316,-0.04999994347833734
274,0.0,0.0,0.0,0.0,0.0,0.0,0.0,0.0,0.0,-0.05639918164956475,-0.06767803295329886,0.047316130070321635,-0.04166673182806653,-0.04999935047351729,-0.049999948293102475
275,0.0,0.0,0.0,0.0,0.0,0.0,0.0,0.0,0.0,-0.05664424086891889,-0.06743265329339142,0.047373697831150655,-0.04200005785919276,-0.049999352034309996,-0.04999995317972476
276,0.0,0.0,0.0,0.0,0.0,0.0,0.0,0.0,0.0,-0.05688664891711462,-0.06718800749431829,0.04743080037195631,-0.04233338425352757,-0.04999935472785681,-0.0499999581373851
277,0.0,0.0,0.0,0.0,0.0,0.0,0.0,0.0,0.0,-0.0571264361689289,-0.06694411389557156,0.047487428919389146,-0.04266671105486609,-0.04999935854496612,-0.0499999631666333
278,0.0,0.0,0.0,0.0,0.0,0.0,0.0,0.0,0.0,-0.057363632974059324,-0.06670099024072328,0.04754357488582821,-0.04300003830084394,-0.049999363470447145,-0.04999996826947231
279,0.0,0.0,0.0,0.0,0.0,0.0,0.0,0.0,0.0,-0.05759826964470639,-0.06645865368748427,0.04759922986753808,-0.04333336602176157,-0.04999936948310611,-0.049999973449433736
280,0.0,0.0,0.0,0.0,0.0,0.0,0.0,0.0,0.0,-0.057830376443534906,-0.06621712081785877,0.047654385642794075,-0.04366669423934912,-0.049999376555791536,-0.049999978711642315
281,0.0,0.0,0.0,0.0,0.0,0.0,0.0,0.0,0.0,-0.05805998357200886,-0.06597640764838396,0.04770903416998004,-0.04400002296547452,-0.04999938465549175,-0.04999998406286936
282,0.0,0.0,0.0,0.0,0.0,0.0,0.0,0.0,0.0,-0.05828712115909443,-0.06573652964044305,0.047763167585663756,-0.0443333522007968,-0.049999393743486734,-0.04999998951157395
283,0.0,0.0,0.0,0.0,0.0,0.0,0.0,0.0,0.0,-0.05851181925032493,-0.0654975017106406,0.04781677820265538,-0.04466668193336746,-0.049999403775556485,-0.04999999506793014
284,0.0,0.0,0.0,0.0,0.0,0.0,0.0,0.0,0.0,-0.058734107797222906,-0.06525933824122994,0.04786985850805227,-0.045000012137182736,-0.04999941470224757,-0.05000000074384038
285,0.0,0.0,0.0,0.0,0.0,0.0,0.0,0.0,0.0,-0.05895401664707306,-0.0650220530905814,0.04792240116127578,-0.04533334277068989,-0.04999942646920001,-0.050000006552933206
286,0.0,0.0,0.0,0.0,0.0,0.0,0.0,0.0,0.0,-0.059171575533041504,-0.06478565960368117,0.04797439899210328,-0.04566667377525145,-0.04999943901753532,-0.05000001251054508
287,0.0,0.0,0.0,0.0,0.0,0.0,0.0,0.0,0.0,-0.05938681406463481,-0.06455017062265071,0.04802584499870019,-0.046000005073570105,-0.04999945228430749,-0.050000018633684876
288,0.0,0.0,0.0,0.0,0.0,0.0,0.0,0.0,0.0,-0.05959976171849536,-0.06431559849727626,0.04807673234565481,-0.04633333656807982,-0.04999946620301725,-0.050000024940981144
289,0.0,0.0,0.0,0.0,0.0,0.0,0.0,0.0,0.0,-0.05981044782952594,-0.06408195509553928,0.04812705436202014,-0.04666666813930546,-0.049999480704191024,-0.05000003145261092
290,0.0,0.0,0.0,0.0,0.0,0.0,0.0,0.0,0.0,-0.06001890158234022,-0.06384925181413707,0.04817680453936599,-0.04699999964419682,-0.04999949571602383,-0.05000003819020941
291,0.0,0.0,0.0,0.0,0.0,0.0,0.0,0.0,0.0,-0.060225152003033106,-0.06361749958898544,0.04822597652984329,-0.04733333091444053,-0.04999951116508728,-0.050000045176760995
292,0.0,0.0,0.0,0.0,0.0,0.0,0.0,0.0,0.0,-0.06042922795126681,-0.06338670890569262,0.04827456414426569,-0.0476666617547557,-0.049999526977102006,-0.05000005243646939
293,0.0,0.0,0.0,0.0,0.0,0.0,0.0,0.0,0.0,-0.060631158112667796,-0.0631568898099968,0.04832256135020784,-0.047999991941176656,-0.04999954307777349,-0.050000059994609
294,0.0,0.0,0.0,0.0,0.0,0.0,0.0,0.0,0.0,-0.06083097099152998,-0.06292805191815706,0.048369962270125556,-0.048333321219329435,-0.04999955939369145,-0.05000006787735511
295,0.0,0.0,0.0,0.0,0.0,0.0,0.0,0.0,0.0,-0.061028694903819715,-0.06270020442729006,0.048416761179497815,-0.04866664930270555,-0.04999957585329073,-0.05000007611159423
296,0.0,0.0,0.0,0.0,0.0,0.0,0.0,0.0,0.0,-0.061213946272235975,-0.06246895423102611,0.04848177532910458,-0.04899509425398768,-0.04999959138209256,-0.0499825057351361
297,0.0,0.0,0.0,0.0,0.0,0.0,0.0,0.0,0.0,-0.06134020304559018,-0.06221463656443093,0.04864893100039858,-0.049296851856774196,-0.04999960172548349,-0.04986883702154831
298,0.0,0.0,0.0,0.0,0.0,0.0,0.0,0.0,0.0,-0.06136529893491793,-0.061919115235634516,0.048993093952764154,-0.049552397128862766,-0.04999960305380498,-0.04958875316052399
299,0.0,0.0,0.0,0.0,0.0,0.0,0.0,0.0,0.0,-0.06126239682029275,-0.06156972599977435,0.04955893033698059,-0.049750014987788437,-0.04999959110754498,-0.0491000633894823
300,0.0,0.0,0.0,0.0,0.0,0.0,0.0,0.0,0.0,-0.06101951725323168,-0.061158668596674674,0.05036105409604411,-0.04988579849281625,-0.04999956005946703,-0.048388703388310216
301,0.0,0.0,0.0,0.0,0.0,0.0,0.0,0.0,0.0,-0.06063992582001453,-0.06068344231814246,0.05138403667447522,-0.049963649012100445,-0.04999950398733826,-0.04746873554393233
302,0.0,0.0,0.0,0.0,0.0,0.0,0.0,0.0,0.0,-0.06014357621034595,-0.06014855912866003,0.052582326644761535,-0.049995278460960225,-0.049999420588920644,-0.04638234907183439
303,0.0,0.0,0.0,0.0,0.0,0.0,0.0,0.0,0.0,-0.05956949735871234,-0.05956842837022406,0.05388021274950436,-0.05000021203158149,-0.04999931476614459,-0.04519986013682421
304,0.0,0.0,0.0,0.0,0.0,0.0,0.0,0.0,0.0,-0.05896548077254854,-0.05896423160679026,0.05519321940495051,-0.050000256375759645,-0.049999197135550774,-0.04399978895977603
305,0.0,0.0,0.0,0.0,0.0,0.0,0.0,0.0,0.0,-0.05834251181001852,-0.05834108631093587,0.0565019376991425,-0.05000029485896435,-0.04999907318762656,-0.042799715023216965
306,0.0,0.0,0.0,0.0,0.0,0.0,0.0,0.0,0.0,-0.057700461105466866,-0.057698865755352796,0.05780568898267957,-0.05000032852263983,-0.04999894607216571,-0.041599638817591544
307,0.0,0.0,0.0,0.0,0.0,0.0,0.0,0.0,0.0,-0.05703922038639511,-0.05703746395781656,0.059103765049047643,-0.05000035814818432,-0.049998818469742114,-0.040399560966139905
308,0.0,0.0,0.0,0.0,0.0,0.0,0.0,0.0,0.0,-0.05635870441332689,-0.056356797598882916,0.06039542864530224,-0.05000038430766155,-0.049998692617691125,-0.039199482200995714
309,0.0,0.0,0.0,0.0,0.0,0.0,0.0,0.0,0.0,-0.055658852948940254,-0.055656807984696965,0.061679914180896994,-0.05000040740819984,-0.04999857034114074,-0.037999403336988924
310,0.0,0.0,0.0,0.0,0.0,0.0,0.0,0.0,0.0,-0.05493963274704507,-0.05493746304291811,0.06295642864734165,-0.050000427730313504,-0.04999845308780186,-0.0367993252441806
311,0.0,0.0,0.0,0.0,0.0,0.0,0.0,0.0,0.0,-0.054201039550481195,-0.054198759338259066,0.06422415276078502,-0.0500004454604717,-0.04999834196526577,-0.03559924882012502
312,0.0,0.0,0.0,0.0,0.0,0.0,0.0,0.0,0.0,-0.05344310008542333,-0.05344072409262264,0.06548224233878684,-0.050000460718312795,-0.04999823777962646,-0.03439917496279561
313,0.0,0.0,0.0,0.0,0.0,0.0,0.0,0.0,0.0,-0.05266587403792503,-0.052663417193312335,0.06672982992144182,-0.05000047357895171,-0.04999814107433864,-0.033199104545022576
314,0.0,0.0,0.0,0.0,0.0,0.0,0.0,0.0,0.0,-0.05186945599684853,-0.05186693317131237,0.06796602664562355,-0.05000048409086005,-0.04999805216834109,-0.031999038391174975
315,0.0,0.0,0.0,0.0,0.0,0.0,0.0,0.0,0.0,-0.05105397734565878,-0.051051403130210476,0.06918992437938994,-0.05000049228981583,-0.04999797119260917,-0.03079897725669145
316,0.0,0.0,0.0,0.0,0.0,0.0,0.0,0.0,0.0,-0.05021960808394456,-0.05021699660499837,0.07040059812152588,-0.05000049820942124,-0.049997898124447375,-0.029598921810915335
317,0.0,0.0,0.0,0.0,0.0,0.0,0.0,0.0,0.0,-0.04936655855802713,-0.049363923328775094,0.07159710866877023,-0.05000050188867869,-0.04999783281898774,-0.028398872623538407
318,0.0,0.0,0.0,0.0,0.0,0.0,0.0,0.0,0.0,-0.0484950810786831,-0.04849243488433804,0.07277850555047272,-0.05000050337709449,-0.049997775037511516,-0.02719883015480945
319,0.0,0.0,0.0,0.0,0.0,0.0,0.0,0.0,0.0,-0.04760547140289152,-0.04760282621681591,0.07394383022727523,-0.0500005027377534,-0.04999772447236252,-0.025998794749511375
320,0.0,0.0,0.0,0.0,0.0,0.0,0.0,0.0,0.0,-0.04669807005569263,-0.04669543698293735,0.07509211954690154,-0.05000050004877391,-0.04999768076835672,-0.024798766634583802
321,0.0,0.0,0.0,0.0,0.0,0.0,0.0,0.0,0.0,-0.045772555496219954,-0.04579678421997685,0.07620713692597529,-0.04997119877262372,-0.049997649958443205,-0.023616327859038513
322,0.0,0.0,0.0,0.0,0.0,0.0,0.0,0.0,0.0,-0.04482802414738807,-0.045022459361591514,0.07722322451228668,-0.04978174098380778,-0.04999766224412885,-0.02253001125368817
323,0.0,0.0,0.0,0.0,0.0,0.0,0.0,0.0,0.0,-0.04386652871058144,-0.044473897919950475,0.07808841183357208,-0.049314940309120946,-0.04999774738745733,-0.02161014331199272
324,0.0,0.0,0.0,0.0,0.0,0.0,0.0,0.0,0.0,-0.042889521154239496,-0.04421372309750202,0.07877585712017014,-0.048500482799086225,-0.049997921610323036,-0.020898914798226226
325,0.0,0.0,0.0,0.0,0.0,0.0,0.0,0.0,0.0,-0.04189426788626683,-0.04427011529139203,0.07927816351531215,-0.0473149257301858,-0.04999818167882604,-0.020410380079226895
326,0.0,0.0,0.0,0.0,0.0,0.0,0.0,0.0,0.0,-0.04087257273661418,-0.04463721276734711,0.07960497493406281,-0.04578169908695573,-0.049998502814197696,-0.02013046033099193
327,0.0,0.0,0.0,0.0,0.0,0.0,0.0,0.0,0.0,-0.039812492494554985,-0.04527014624178097,0.07978458059436527,-0.043971110059764625,-0.04999884353111615,-0.020016949062710454
328,0.0,0.0,0.0,0.0,0.0,0.0,0.0,0.0,0.0,-0.038704114582272686,-0.04607516924264917,0.0798690822137299,-0.04200034795882136,-0.04999915800526282,-0.019999517244349063
329,0.0,0.0,0.0,0.0,0.0,0.0,0.0,0.0,0.0,-0.03754604900924055,-0.04693168228267419,0.07992315935893571,-0.04000028105165376,-0.04999941488042763,-0.01999963965005261
330,0.0,0.0,0.0,0.0,0.0,0.0,0.0,0.0,0.0,-0.03633560892426293,-0.04780937034305721,0.0799624138674129,-0.03800021458195341,-0.04999961156151471,-0.019999738627465652
331,0.0,0.0,0.0,0.0,0.0,0.0,0.0,0.0,0.0,-0.03506825999010719,-0.04870546833353692,0.07998746461588266,-0.03600015465699867,-0.04999975456847642,-0.019999816552633304
332,0.0,0.0,0.0,0.0,0.0,0.0,0.0,0.0,0.0,-0.03373945280259316,-0.04961654324440226,0.07999904975096861,-0.034000105019911735,-0.04999985301791887,-0.01999987591345609
333,0.0,0.0,0.0,0.0,0.0,0.0,0.0,0.0,0.0,-0.03234471904314213,-0.050538433735420746,0.0799980366358493,-0.032000067013122004,-0.04999991696061996,-0.019999919416569395
334,0.0,0.0,0.0,0.0,0.0,0.0,0.0,0.0,0.0,-0.03087978812779135,-0.05146619953383716,0.0799854298652322,-0.03000004004614116,-0.04999995597923937,-0.0199999499317733
335,0.0,0.0,0.0,0.0,0.0,0.0,0.0,0.0,0.0,-0.029340724343709358,-0.05239408605313487,0.07996237641318048,-0.028000022315604084,-0.04999997823871002,-0.01999997032720345
336,0.0,0.0,0.0,0.0,0.0,0.0,0.0,0.0,0.0,-0.02772408317844039,-0.05331551030560277,0.07993016685062082,-0.02600001153308821,-0.0499999900417315,-0.01999998326605594
337,0.0,0.0,0.0,0.0,0.0,0.0,0.0,0.0,0.0,-0.026027083909938065,-0.05422307454227522,0.07989023150753732,-0.02400000548947091,-0.04999999581872837,-0.019999991032869535
338,0.0,0.0,0.0,0.0,0.0,0.0,0.0,0.0,0.0,-0.024247793548236304,-0.055108613973799105,0.07984413049140748,-0.02200000238369037,-0.04999999840701537,-0.019999995434314383
339,0.0,0.0,0.0,0.0,0.0,0.0,0.0,0.0,0.0,-0.02238391773952858,-0.05597074507480582,0.07978869545493972,-0.019990760074279447,-0.04998668012406062,-0.02000340725391457
340,0.0,0.0,0.0,0.0,0.0,0.0,0.0,0.0,0.0,-0.020439610557664092,-0.05678263872413184,0.07973678109740667,-0.017994724372307855,-0.049990577368899745,-0.020002330759915463
341,0.0,0.0,0.0,0.0,0.0,0.0,0.0,0.0,0.0,-0.018413607274715773,-0.05754531153565678,0.0796836004921762,-0.015997140345839586,-0.04999348640095143,-0.020001557002390064
342,0.0,0.0,0.0,0.0,0.0,0.0,0.0,0.0,0.0,-0.016309343902497515,-0.05824862678297034,0.0796310415564703,-0.013998524696489658,-0.04999556361265732,-0.020001016852979267
343,0.0,0.0,0.0,0.0,0.0,0.0,0.0,0.0,0.0,-0.014131814603853071,-0.058882613962932775,0.07958096247780973,-0.011999266716396298,-0.04999698975014781,-0.020000651898825453
344,0.0,0.0,0.0,0.0,0.0,0.0,0.0,0.0,0.0,-0.01188761148686891,-0.059437757912126465,0.07953513454767466,-0.009999638196156669,-0.04999793902825142,-0.02000041375690441
345,0.0,0.0,0.0,0.0,0.0,0.0,0.0,0.0,0.0,-0.009584901805673403,-0.05990530474565721,0.07949518300315775,-0.007999813866185182,-0.04999855995172485,-0.020000263645480326
346,0.0,0.0,0.0,0.0,0.0,0.0,0.0,0.0,0.0,-0.007233332311323471,-0.060277568653833574,0.07946252966559991,-0.005999896014351194,-0.04999896705350515,-0.020000171806072567
347,0.0,0.0,0.0,0.0,0.0,0.0,0.0,0.0,0.0,-0.004843856280095787,-0.060548220872410276,0.07943834090364424,-0.00399993813354803,-0.049999241014073464,-0.02000011657690165
348,0.0,0.0,0.0,0.0,0.0,0.0,0.0,0.0,0.0,-0.0024284858746640055,-0.06071254105259721,0.07942348402892721,-0.00199996437202509,-0.049999433930042775,-0.02000008312244013
349,0.0,0.0,0.0,0.0,0.0,0.0,0.0,0.0,0.0,2.003087974227514e-08,-0.06076761224839786,0.0794184947076433,1.6481403022950483e-08,-0.04999957670828047,-0.020000061963668103
350,0.0,0.0,0.0,0.0,0.0,0.0,0.0,0.0,0.0,0.0024285156987000848,-0.060712443955221795,0.07942355733965345,0.0020000022284054437,-0.04999968633819396,-0.02000004750569799
351,0.0,0.0,0.0,0.0,0.0,0.0,0.0,0.0,0.0,0.004843854166717223,-0.06054801283794087,0.0794384995967832,0.003999992591416057,-0.04999977176044213,-0.020000036735026802
352,0.0,0.0,0.0,0.0,0.0,0.0,0.0,0.0,0.0,0.00723327418193043,-0.06027721737741157,0.07946280142208235,0.005999987264732258,-0.04999983790486512,-0.02000002819057821
353,0.0,0.0,0.0,0.0,0.0,0.0,0.0,0.0,0.0,0.009584764010210516,-0.05990474978202699,0.07949561781897989,0.00799998546457729,-0.04999988805199908,-0.020000021236560278
354,0.0,0.0,0.0,0.0,0.0,0.0,0.0,0.0,0.0,0.011887380367703374,-0.05943689520205917,0.07953581379940095,0.00999998610746353,-0.049999924954549815,-0.020000015606165558
355,0.0,0.0,0.0,0.0,0.0,0.0,0.0,0.0,0.0,0.014131505479752643,-0.05888127368661753,0.07958200903418663,0.011999988114277679,-0.04999995120161176,-0.020000011153385427
356,0.0,0.0,0.0,0.0,0.0,0.0,0.0,0.0,0.0,0.016309031386030196,-0.05824654381953473,0.07963262916875534,0.013999990622670759,-0.04999996921797314,-0.020000007743523687
357,0.0,0.0,0.0,0.0,0.0,0.0,0.0,0.0,0.0,0.01841346720941754,-0.05754208828441631,0.07968596050243823,0.01599999306400865,-0.049999981153378725,-0.020000005222800127
358,0.0,0.0,0.0,0.0,0.0,0.0,0.0,0.0,0.0,0.020439971357292353,-0.056777700817013055,0.07974020479561628,0.01799999513982614,-0.049999988791183905,-0.0200000034243044
359,0.0,0.0,0.0,0.0,0.0,0.0,0.0,0.0,0.0,0.022385315854864946,-0.055963291475864124,0.07979353132469703,0.01999999675027605,-0.04999999351846475,-0.020000002184446544
360,0.0,0.0,0.0,0.0,0.0,0.0,0.0,0.0,0.0,0.024247793792463217,-0.055108623456765406,0.07984412387207107,0.021999997915522856,-0.04999999635236967,-0.02000000135722743
361,0.0,0.0,0.0,0.0,0.0,0.0,0.0,0.0,0.0,0.026027083436034555,-0.05420159844440841,0.07990480369717956,0.02400690504107973,-0.04999456163144717,-0.0199862355431194
362,0.0,0.0,0.0,0.0,0.0,0.0,0.0,0.0,0.0,0.027723459997508068,-0.05329963878320924,0.07994096741562481,0.026004874118015633,-0.04999557765219946,-0.019989656732417815
363,0.0,0.0,0.0,0.0,0.0,0.0,0.0,0.0,0.0,0.029339798915660978,-0.052382516241592236,0.07997029568400948,0.0280033662676008,-0.04999648404368789,-0.019992301311705693
364,0.0,0.0,0.0,0.0,0.0,0.0,0.0,0.0,0.0,0.030878767548503907,-0.051457895330518845,0.07999116653005399,0.030002272384195852,-0.04999726072611558,-0.01999432393120927
365,0.0,0.0,0.0,0.0,0.0,0.0,0.0,0.0,0.0,0.032343725136446025,-0.05053258956838689,0.08000213019545784,0.03200149662234019,-0.04999790492804464,-0.019995854744137398
366,0.0,0.0,0.0,0.0,0.0,0.0,0.0,0.0,0.0,0.03373854682063337,-0.049612547751176,0.08000190975263785,0.034000958889010016,-0.04999842481167997,-0.01999700143543734
367,0.0,0.0,0.0,0.0,0.0,0.0,0.0,0.0,0.0,0.03506746308298857,-0.048702869797881354,0.07998939621208458,0.03600059486726971,-0.04999883454122646,-0.019997851677119635
368,0.0,0.0,0.0,0.0,0.0,0.0,0.0,0.0,0.0,0.03633491845501696,-0.04780784505299668,0.0799636395635912,0.038000354611681546,-0.04999915074760145,-0.019998475768972984
369,0.0,0.0,0.0,0.0,0.0,0.0,0.0,0.0,0.0,0.03754545122302532,-0.04693100644215089,0.07992383703743346,0.04000020046306434,-0.04999939019159124,-0.019998929274026828
370,0.0,0.0,0.0,0.0,0.0,0.0,0.0,0.0,0.0,0.03870359423029207,-0.0460751947187115,0.0798693196746393,0.0420001047783842,-0.04999956836969283,-0.019999255511220865
371,0.0,0.0,0.0,0.0,0.0,0.0,0.0,0.0,0.0,0.0398120381137196,-0.04527077102296838,0.0797844528227004,0.04397075162491111,-0.049999696645351845,-0.020017062017455192
372,0.0,0.0,0.0,0.0,0.0,0.0,0.0,0.0,0.0,0.040872174454646665,-0.04463833869170575,0.07960454807480222,0.04578126857851091,-0.049999781019998656,-0.020130880590459116
373,0.0,0.0,0.0,0.0,0.0,0.0,0.0,0.0,0.0,0.04189391507872329,-0.04427164246491234,0.07927749714033416,0.047314456834615395,-0.04999983201540056,-0.020411045689553306
374,0.0,0.0,0.0,0.0,0.0,0.0,0.0,0.0,0.0,0.042889197022042566,-0.04421554630542547,0.07877501027430713,0.04849999644852927,-0.04999985981739858,-0.02089976410211644
375,0.0,0.0,0.0,0.0,0.0,0.0,0.0,0.0,0.0,0.04386620782008235,-0.04447590783703355,0.0780874473494751,0.04931444594194221,-0.049999871466985576,-0.021611110950946075
376,0.0,0.0,0.0,0.0,0.0,0.0,0.0,0.0,0.0,0.04482767640892549,-0.045024551389943546,0.07722220665010163,0.04978124098562882,-0.049999871119046795,-0.022531030849127567
377,0.0,0.0,0.0,0.0,0.0,0.0,0.0,0.0,0.0,0.04577215433297782,-0.04579887159336557,0.07620612343173266,0.04997069340765625,-0.04999986136024629,-0.02361734051646422
378,0.0,0.0,0.0,0.0,0.0,0.0,0.0,0.0,0.0,0.04669760038610335,-0.04669746455448383,0.07509115075934399,0.04999999051118186,-0.04999984507373688,-0.02479973221987411
379,0.0,0.0,0.0,0.0,0.0,0.0,0.0,0.0,0.0,0.04760493184249125,-0.04760477460776369,0.07394292325040837,0.04999999145746031,-0.049999826312070325,-0.025999697371498695
380,0.0,0.0,0.0,0.0,0.0,0.0,0.0,0.0,0.0,0.04849447421964054,-0.04849429279440495,0.07277767196421678,0.04999999318005378,-0.049999806122441794,-0.02719965967790569
381,0.0,0.0,0.0,0.0,0.0,0.0,0.0,0.0,0.0,0.049365888285725884,-0.049365679603840085,0.07159635990057205,0.049999995866806646,-0.049999784504390424,-0.028399619111339813
382,0.0,0.0,0.0,0.0,0.0,0.0,0.0,0.0,0.0,0.05021887963352445,-0.050218640332476895,0.07039994525218687,0.04999999972805381,-0.049999761470004254,-0.029599575664818245
383,0.0,0.0,0.0,0.0,0.0,0.0,0.0,0.0,0.0,0.051053197327460546,-0.051052923730681,0.0691893779506121,0.050000004996638474,-0.04999973704397223,-0.0307995293527345
384,0.0,0.0,0.0,0.0,0.0,0.0,0.0,0.0,0.0,0.05186863238627568,-0.05186832048548921,0.06796559647639366,0.05000001192750076,-0.04999971126325868,-0.03199948021119581
385,0.0,0.0,0.0,0.0,0.0,0.0,0.0,0.0,0.0,0.05266501612601169,-0.05266466156374651,0.06672952494078592,0.05000002079678818,-0.04999968417635328,-0.033199428298102254
386,0.0,0.0,0.0,0.0,0.0,0.0,0.0,0.0,0.0,0.05344221838741438,-0.05344181643977757,0.06548207044259544,0.05000003190044131,-0.04999965584205023,-0.03439937369298139
387,0.0,0.0,0.0,0.0,0.0,0.0,0.0,0.0,0.0,0.054200145670990935,-0.054199691230829274,0.06422412070029555,0.050000045552211256,-0.04999962632771467,-0.035599316496596506
388,0.0,0.0,0.0,0.0,0.0,0.0,0.0,0.0,0.0,0.05493873920183282,-0.054938226762397326,0.06295654195646715,0.05000006208107042,-0.04999959570699705,-0.036799256830347724
389,0.0,0.0,0.0,0.0,0.0,0.0,0.0,0.0,0.0,0.055657972944998794,-0.05565739658423179,0.06168017714889709,0.050000081827981435,-0.049999564056959815,-0.037999194835487526
390,0.0,0.0,0.0,0.0,0.0,0.0,0.0,0.0,0.0,0.05635785159078034,-0.056357204956345025,0.06039584434031947,0.05000010514199465,-0.04999953145458745,-0.039199130672168
391,0.0,0.0,0.0,0.0,0.0,0.0,0.0,0.0,0.0,0.05703840852759981,-0.05703768482276869,0.059104335396797526,0.050000132375649264,-0.049999497972651505,-0.040399064518339654
392,0.0,0.0,0.0,0.0,0.0,0.0,0.0,0.0,0.0,0.057699703818642145,-0.057698895789161,0.057806414903127434,0.050000163879658055,-0.049999463674911704,-0.04159899656851257
393,0.0,0.0,0.0,0.0,0.0,0.0,0.0,0.0,0.0,0.05834182219665042,-0.058340922118690144,0.05650281930236189,0.05000019999686003,-0.04999942861063429,-0.04279892703238807
394,0.0,0.0,0.0,0.0,0.0,0.0,0.0,0.0,0.0,0.05896487108963974,-0.058963870758946824,0.05519425624559485,0.050000241055429856,-0.049999392808416726,-0.0439988561333612
395,0.0,0.0,0.0,0.0,0.0,0.0,0.0,0.0,0.0,0.059568978688640785,-0.05956786941099397,0.053881404137485406,0.050000287361334744,-0.049999356269307904,-0.04519878410688624
396,0.0,0.0,0.0,0.0,0.0,0.0,0.0,0.0,0.0,0.06024182134060511,-0.06024057508732792,0.05236407236564612,0.05000034758604656,-0.04999931320335937,-0.04658151253008666
397,0.0,0.0,0.0,0.0,0.0,0.0,0.0,0.0,0.0,0.06106577097178739,-0.06106433067026761,0.05041943212109218,0.05000043577909731,-0.04999925646534271,-0.04834859149947501
398,0.0,0.0,0.0,0.0,0.0,0.0,0.0,0.0,0.0,0.06166223125907583,-0.061660629198482725,0.04894625668015351,0.0500005111063921,-0.04999921203162878,-0.049684446616239414
399,0.0,0.0,0.0,0.0,0.0,0.0,0.0,0.0,0.0,0.061799183069513534,-0.061797541010490835,0.04859963885665669,0.050000529914160555,-0.049999201355800924,-0.049998489751914024
400,0.0,0.0,0.0,0.0,0.0,0.0,0.0,0.0,0.0,0.06106577097178739,-0.06106433067026761,0.05041943212109218,0.05000043577909731,-0.04999925646534271,-0.04834859149947501
401,0.0,0.0,0.0,0.0,0.0,0.0,0.0,0.0,0.0,0.06166223125907583,-0.061660629198482725,0.04894625668015351,0.0500005111063921,-0.04999921203162878,-0.049684446616239414
402,0.0,0.0,0.0,0.0,0.0,0.0,0.0,0.0,0.0,0.061799183069513534,-0.061797541010490835,0.04859963885665669,0.050000529914160555,-0.049999201355800924,-0.049998489751914024
